,CreditCard,CreditCardType,EmailAddress,FirstNameLastName,ID,JobTitle
1,7083-8766-0251-2345,American Express,Clint_Thorpe5003@bulaffy.com,Clint Thorpe,2,Investment  Advisor
11,3657-0088-0820-5247,American Express,Phillip_Carpenter9505@famism.biz,Phillip Carpenter,12,Retail Trainee
27,6718-4818-8011-6024,American Express,Russel_Graves1378@extex.org,Russel Graves,28,Project Manager
38,5438-0816-4166-4847,American Express,Leanne_Newton1268@typill.biz,Leanne Newton,39,Stockbroker
56,8130-3425-7573-7745,American Express,Tony_Giles1960@iatim.tech,Tony Giles,57,Budget Analyst
61,4156-0107-7210-2630,American Express,Owen_Allcott5125@bauros.biz,Owen Allcott,62,CNC Operator
67,7152-3247-6053-2233,American Express,Liam_Lynn3280@kideod.biz,Liam Lynn,68,Project Manager
73,0208-1753-3870-8002,American Express,Regina_Woodcock5820@yahoo.com,Regina Woodcock,74,Dentist
80,4256-7201-6717-4322,American Express,Carter_Wallace9614@atink.com,Carter Wallace,81,HR Specialist
91,3851-1403-1734-6321,American Express,Maia_Stark2797@jiman.org,Maia Stark,92,Staffing Consultant
96,3702-3440-2472-5424,American Express,Ciara_Lomax982@bauros.biz,Ciara Lomax,97,Stockbroker
115,3738-0882-0066-6683,American Express,Isabel_Ellwood1475@fuliss.net,Isabel Ellwood,116,Staffing Consultant
147,4224-1226-3557-3448,American Express,Abdul_Townend2202@infotech44.tech,Abdul Townend,148,CNC Operator
149,8203-6875-5225-0341,American Express,Caleb_Poulton1735@atink.com,Caleb Poulton,150,Fabricator
150,7212-0155-5014-8471,American Express,Ronald_Lewis6777@deavo.com,Ronald Lewis,151,Restaurant Manager
153,4170-5186-6887-6558,American Express,Faith_Seymour3829@twace.org,Faith Seymour,154,Bellman
168,0832-3357-6010-6550,American Express,Anthony_Hancock9083@qater.org,Anthony Hancock,169,Assistant Buyer
175,5177-4868-4623-0384,American Express,Isabella_Willson5478@nanoff.biz,Isabella Willson,176,Healthcare Specialist
181,0264-4020-5106-5576,American Express,Stephanie_Darcy3298@bauros.biz,Stephanie Darcy,182,Pharmacist
198,3166-6287-6242-7207,American Express,Ryan_Kennedy5565@corti.com,Ryan Kennedy,199,Investment  Advisor
